"antibody","start","stop","binds_to"
"447D",312,315,"gp120"
"2F5",662,667,"gp41"
"4E10",671,680,"gp41"
"VRC01",123,124,"gp120"
"VRC01",276,283,"gp120"
"VRC01",365,371,"gp120"
"VRC01",427,430,"gp120"
"VRC01",455,475,"gp120"
"CD4_Ig",124,127,"gp120"
"CD4_Ig",279,283,"gp120"
"CD4_Ig",365,371,"gp120"
"CD4_Ig",425,432,"gp120"
"CD4_Ig",455,460,"gp120"
"CD4_Ig",472,477,"gp120"
"F105",105,112,"gp120"
"F105",255,257,"gp120"
"F105",279,283,"gp120"
"F105",365,376,"gp120"
"F105",421,429,"gp120"
"F105",471,476,"gp120"
"b12",280,282,"gp120"
"b12",364,375,"gp120"
"b12",417,419,"gp120"
"b12",430,432,"gp120"
"b12",471,475,"gp120"
"17b",119,122,"gp120"
"17b",200,205,"gp120"
"17b",419,423,"gp120"
"17b",432,437,"gp120"
"VRC03",276,283,"gp120"
"VRC03",365,375,"gp120"
"VRC03",425,431,"gp120"
"VRC03",455,475,"gp120"
"2G12",295,295,"gp120"
"2G12",332,339,"gp120"
"2G12",386,392,"gp120"
